col_name,Missing Count,Percentage
Mjob,51,12.91139240506329
school,31,7.848101265822785
Fjob,23,5.822784810126582
nursery,23,5.822784810126582
paid,19,4.810126582278481
traveltime,11,2.7848101265822787
internet,7,1.7721518987341771
schoolsup,3,0.759493670886076
Dalc,3,0.759493670886076
G2,3,0.759493670886076
